PRAGMA foreign_keys=OFF;
BEGIN TRANSACTION;
CREATE TABLE IF NOT EXISTS "django_migrations" ("id" integer NOT NULL PRIMARY KEY AUTOINCREMENT, "app" varchar(255) NOT NULL, "name" varchar(255) NOT NULL, "applied" datetime NOT NULL);
INSERT INTO django_migrations VALUES(1,'contenttypes','0001_initial','2018-05-17 07:57:01.103347');
INSERT INTO django_migrations VALUES(2,'auth','0001_initial','2018-05-17 07:57:01.130638');
INSERT INTO django_migrations VALUES(3,'admin','0001_initial','2018-05-17 07:57:01.151099');
INSERT INTO django_migrations VALUES(4,'admin','0002_logentry_remove_auto_add','2018-05-17 07:57:01.167780');
INSERT INTO django_migrations VALUES(5,'contenttypes','0002_remove_content_type_name','2018-05-17 07:57:01.201633');
INSERT INTO django_migrations VALUES(6,'auth','0002_alter_permission_name_max_length','2018-05-17 07:57:01.223104');
INSERT INTO django_migrations VALUES(7,'auth','0003_alter_user_email_max_length','2018-05-17 07:57:01.237854');
INSERT INTO django_migrations VALUES(8,'auth','0004_alter_user_username_opts','2018-05-17 07:57:01.249354');
INSERT INTO django_migrations VALUES(9,'auth','0005_alter_user_last_login_null','2018-05-17 07:57:01.261780');
INSERT INTO django_migrations VALUES(10,'auth','0006_require_contenttypes_0002','2018-05-17 07:57:01.264254');
INSERT INTO django_migrations VALUES(11,'auth','0007_alter_validators_add_error_messages','2018-05-17 07:57:01.277915');
INSERT INTO django_migrations VALUES(12,'auth','0008_alter_user_username_max_length','2018-05-17 07:57:01.290480');
INSERT INTO django_migrations VALUES(13,'blog','0001_initial','2018-05-17 07:57:01.302363');
INSERT INTO django_migrations VALUES(14,'sessions','0001_initial','2018-05-17 07:57:01.307332');
CREATE TABLE IF NOT EXISTS "auth_group" ("id" integer NOT NULL PRIMARY KEY AUTOINCREMENT, "name" varchar(80) NOT NULL UNIQUE);
CREATE TABLE IF NOT EXISTS "auth_group_permissions" ("id" integer NOT NULL PRIMARY KEY AUTOINCREMENT, "group_id" integer NOT NULL REFERENCES "auth_group" ("id"), "permission_id" integer NOT NULL REFERENCES "auth_permission" ("id"));
CREATE TABLE IF NOT EXISTS "auth_user_groups" ("id" integer NOT NULL PRIMARY KEY AUTOINCREMENT, "user_id" integer NOT NULL REFERENCES "auth_user" ("id"), "group_id" integer NOT NULL REFERENCES "auth_group" ("id"));
CREATE TABLE IF NOT EXISTS "auth_user_user_permissions" ("id" integer NOT NULL PRIMARY KEY AUTOINCREMENT, "user_id" integer NOT NULL REFERENCES "auth_user" ("id"), "permission_id" integer NOT NULL REFERENCES "auth_permission" ("id"));
CREATE TABLE IF NOT EXISTS "django_admin_log" ("id" integer NOT NULL PRIMARY KEY AUTOINCREMENT, "object_id" text NULL, "object_repr" varchar(200) NOT NULL, "action_flag" smallint unsigned NOT NULL, "change_message" text NOT NULL, "content_type_id" integer NULL REFERENCES "django_content_type" ("id"), "user_id" integer NOT NULL REFERENCES "auth_user" ("id"), "action_time" datetime NOT NULL);
INSERT INTO django_admin_log VALUES(1,'1','You Raise Me Up',1,'[{"added": {}}]',7,1,'2018-05-17 10:17:29.802558');
INSERT INTO django_admin_log VALUES(2,'2','PyCharm IDE 链接sqlite、建表、添加、查询数据',1,'[{"added": {}}]',7,1,'2018-05-17 10:22:56.057978');
INSERT INTO django_admin_log VALUES(3,'2','PyCharm IDE 链接sqlite、建表、添加、查询数据',2,'[]',7,1,'2018-05-17 10:23:00.321580');
INSERT INTO django_admin_log VALUES(4,'3','如何利用 Struts2 漏洞绕过防火墙获取 Root 权限',1,'[{"added": {}}]',7,1,'2018-05-17 10:23:54.710411');
INSERT INTO django_admin_log VALUES(5,'4','如何用iPad运行Python代码？',1,'[{"added": {}}]',7,1,'2018-05-17 10:24:44.756692');
INSERT INTO django_admin_log VALUES(6,'2','jack@126.com',1,'[{"added": {}}]',2,1,'2018-05-18 02:25:14.737671');
INSERT INTO django_admin_log VALUES(7,'5','实验室 一加 6 手机海外抢跑 国内今日发布',1,'[{"added": {}}]',7,1,'2018-05-18 02:25:30.632760');
CREATE TABLE IF NOT EXISTS "django_content_type" ("id" integer NOT NULL PRIMARY KEY AUTOINCREMENT, "app_label" varchar(100) NOT NULL, "model" varchar(100) NOT NULL);
INSERT INTO django_content_type VALUES(1,'admin','logentry');
INSERT INTO django_content_type VALUES(2,'auth','user');
INSERT INTO django_content_type VALUES(3,'auth','permission');
INSERT INTO django_content_type VALUES(4,'auth','group');
INSERT INTO django_content_type VALUES(5,'contenttypes','contenttype');
INSERT INTO django_content_type VALUES(6,'sessions','session');
INSERT INTO django_content_type VALUES(7,'blog','blogarticles');
CREATE TABLE IF NOT EXISTS "auth_permission" ("id" integer NOT NULL PRIMARY KEY AUTOINCREMENT, "content_type_id" integer NOT NULL REFERENCES "django_content_type" ("id"), "codename" varchar(100) NOT NULL, "name" varchar(255) NOT NULL);
INSERT INTO auth_permission VALUES(1,1,'add_logentry','Can add log entry');
INSERT INTO auth_permission VALUES(2,1,'change_logentry','Can change log entry');
INSERT INTO auth_permission VALUES(3,1,'delete_logentry','Can delete log entry');
INSERT INTO auth_permission VALUES(4,2,'add_user','Can add user');
INSERT INTO auth_permission VALUES(5,2,'change_user','Can change user');
INSERT INTO auth_permission VALUES(6,2,'delete_user','Can delete user');
INSERT INTO auth_permission VALUES(7,3,'add_permission','Can add permission');
INSERT INTO auth_permission VALUES(8,3,'change_permission','Can change permission');
INSERT INTO auth_permission VALUES(9,3,'delete_permission','Can delete permission');
INSERT INTO auth_permission VALUES(10,4,'add_group','Can add group');
INSERT INTO auth_permission VALUES(11,4,'change_group','Can change group');
INSERT INTO auth_permission VALUES(12,4,'delete_group','Can delete group');
INSERT INTO auth_permission VALUES(13,5,'add_contenttype','Can add content type');
INSERT INTO auth_permission VALUES(14,5,'change_contenttype','Can change content type');
INSERT INTO auth_permission VALUES(15,5,'delete_contenttype','Can delete content type');
INSERT INTO auth_permission VALUES(16,6,'add_session','Can add session');
INSERT INTO auth_permission VALUES(17,6,'change_session','Can change session');
INSERT INTO auth_permission VALUES(18,6,'delete_session','Can delete session');
INSERT INTO auth_permission VALUES(19,7,'add_blogarticles','Can add blog articles');
INSERT INTO auth_permission VALUES(20,7,'change_blogarticles','Can change blog articles');
INSERT INTO auth_permission VALUES(21,7,'delete_blogarticles','Can delete blog articles');
CREATE TABLE IF NOT EXISTS "auth_user" ("id" integer NOT NULL PRIMARY KEY AUTOINCREMENT, "password" varchar(128) NOT NULL, "last_login" datetime NULL, "is_superuser" bool NOT NULL, "first_name" varchar(30) NOT NULL, "last_name" varchar(30) NOT NULL, "email" varchar(254) NOT NULL, "is_staff" bool NOT NULL, "is_active" bool NOT NULL, "date_joined" datetime NOT NULL, "username" varchar(150) NOT NULL UNIQUE);
INSERT INTO auth_user VALUES(1,'pbkdf2_sha256$30000$uBxVpAcF3VWe$VfQXP8a+GZPtiUrDkwRh7IpskfVA7v0OV6DImMCsjaA=','2018-06-06 02:25:38.597657',1,'','','admin@admin.com',1,1,'2018-05-17 08:32:51.204998','admin');
INSERT INTO auth_user VALUES(2,'pbkdf2_sha256$30000$aG0MLNifHnU5$MYwvyrd8ri7LZrOhiD2yNZfwFZk3OxTpyziqaHZh8M0=',NULL,0,'','','',0,1,'2018-05-18 02:25:14.704475','jack@126.com');
CREATE TABLE IF NOT EXISTS "blog_blogarticles" ("id" integer NOT NULL PRIMARY KEY AUTOINCREMENT, "title" varchar(300) NOT NULL, "body" text NOT NULL, "publish" datetime NOT NULL, "author_id" integer NOT NULL REFERENCES "auth_user" ("id"));
INSERT INTO blog_blogarticles VALUES(1,'You Raise Me Up',replace(replace('When I am down and, oh my soul, so weary.\r\n当我失意低落之时，我的精神是那么疲倦不堪。\r\nWhen troubles come and my heart burdened be.\r\n当烦恼困难袭来之际，我的内心是那么负担沉重。\r\nThen, I am still and wait here in the silence.\r\n然而我默默的伫立，静静地等待。\r\nUntil you come and sit a while with me.\r\n直到你的来临，片刻地和我在一起。\r\nYou raise me up, so I can stand on mountains .\r\n你激励了我故我能立足于群山之巅。\r\nYou raise me up,to walk on stormy seas.\r\n你鼓舞了我,故我能行进于暴风雨的洋面。\r\nI am strong when I am on your shoulders.\r\n在你坚实的臂膀上我变得坚韧强壮。\r\nYou raise me up,to more than I can be.\r\n你的鼓励使我超越了自我。\r\nThere is no life -\r\n世上没有——\r\nno life without its hunger.\r\n没有失去热望的生命。\r\nEach restless heart beats so imperfectly.\r\n每颗悸动的心也都跳动得不那么完美。\r\nBut when you come and I am filled with wonder.\r\n但是你的到来 让我心中充满了奇迹。\r\nSometimes, I think I glimpse eternity.\r\n甚至有时我认为因为有你我瞥见了永恒。\r\nYou raise me up,so I can stand on mountains .\r\n你激励了我故我能立足于群山之巅。\r\nYou raise me up,to walk on stormy seas.\r\n你鼓舞了我,故我能行进于暴风雨的洋面。\r\nI am strongwhen I am on your shoulders.\r\n在你坚实的臂膀上我变得坚韧强壮。\r\nYou raise me up,to more than I can be.\r\n你的鼓励使我超越了自我。','\r',char(13)),'\n',char(10)),'2018-05-17 10:17:29.795432',1);
INSERT INTO blog_blogarticles VALUES(2,'PyCharm IDE 链接sqlite、建表、添加、查询数据',replace(replace('控制台创建数据库DB文件\r\n这里写图片描述\r\n\r\n这里写图片描述\r\n\r\n打开pycharm IDE\r\n前提得安装sqlite哦！ \r\n这里写图片描述\r\n\r\n点击-安装驱动\r\n这里写图片描述\r\n直到没有提示 \r\n这里写图片描述\r\n\r\n找到刚才创建的数据库feedback.db文件\r\n这里写图片描述\r\n\r\n然后点击Test Connection 测试连接 看到\r\n这里写图片描述 \r\n连接成功。 \r\n点击OK按钮！\r\n\r\n看到此界面\r\n这里写图片描述\r\n\r\n创建一张表\r\n这里写图片描述 \r\n这里写图片描述\r\n\r\nOK !!\r\n\r\n添加数据\r\n这里写图片描述\r\n\r\n查询数据\r\n这里写图片描述\r\n\r\n关联表\r\n这里写图片描述\r\n\r\n更多示例\r\n这里写图片描述\r\n\r\n版权声明：本文为博主原创文章，学习，探讨，交流	https://blog.csdn.net/qq_36482772/article/details/53458400','\r',char(13)),'\n',char(10)),'2018-05-17 10:22:56.054333',1);
INSERT INTO blog_blogarticles VALUES(3,'如何利用 Struts2 漏洞绕过防火墙获取 Root 权限','本文我要分享的是关于Apache struts2 CVE-2013–2251漏洞的，由于该漏洞可以导致远程代码执行，曾一度被广泛滥用。该漏洞原理在于，通过操纵前缀为“action:”/”redirect:”/”redirectAction:”的参数，在Struts 低于2.3.15的版本框架中实现远程代码执行。此次测试中，我不仅绕过了WAF防火墙实现远程代码执行，还利用了某Linux提权漏洞获取了目标服务器的root管理控制权。整个过程如下：','2018-05-17 10:23:54.707544',1);
INSERT INTO blog_blogarticles VALUES(4,'如何用iPad运行Python代码？',replace(replace('流程\r\n下面我给你讲讲，这种效果是怎么做出来的。\r\n\r\n我们需要用到一款工具，叫做 mybinder 。它可以帮助我们，把 github 上的某个代码仓库（repo），快速转换成为一个可运行的环境。\r\n\r\n注意 mybinder 为我们提供了云设施，也就是计算资源和存储资源。因此即便许许多多的用户同时在线使用同一份代码转换出来的环境，也不会互相冲突。\r\n\r\n我们先来看看，怎么准备一个可供 mybinder 顺利转换的代码仓库。\r\n\r\n我为你提供的样例在这里（t.cn/R35MEqk）：','\r',char(13)),'\n',char(10)),'2018-05-17 10:24:44.753119',1);
INSERT INTO blog_blogarticles VALUES(5,'实验室 一加 6 手机海外抢跑 国内今日发布','5 月 17 日凌晨消息，今日一加手机在海外率先举办发布会，推出全新旗舰一加手机 6 以及 Bullets 无线耳机 ... 一加 6 背部采用全玻璃机身，这也是自一加 X 之后一加的第二款玻璃机身手机并配备康宁第五代大猩猩玻璃 ... 在海外发布会中我们也发现之前一加宣传的复仇者联盟版并没有出现，看来只能把这个悬念留到中国发布会再揭晓吧。','2018-05-18 02:25:30.624693',2);
CREATE TABLE IF NOT EXISTS "django_session" ("session_key" varchar(40) NOT NULL PRIMARY KEY, "session_data" text NOT NULL, "expire_date" datetime NOT NULL);
INSERT INTO django_session VALUES('hscdcvedrbkxfqx3pkapqa9t6xzopr5l','N2IyMGZmODMxMmE4N2EwNTEwMjM2NjUzMjFlY2M3ZjMxNjFmMDNhOTp7Il9hdXRoX3VzZXJfaWQiOiIxIiwiX2F1dGhfdXNlcl9iYWNrZW5kIjoiZGphbmdvLmNvbnRyaWIuYXV0aC5iYWNrZW5kcy5Nb2RlbEJhY2tlbmQiLCJfYXV0aF91c2VyX2hhc2giOiI5MTI1NGNlZWE5MzE3ODNlNzFiMzRkZjczMTU1NWI4NDI3YThmMzRlIn0=','2018-05-31 08:33:56.994792');
INSERT INTO django_session VALUES('hrcgvijikv3qn46vzxdnnpgfwu52syor','N2IyMGZmODMxMmE4N2EwNTEwMjM2NjUzMjFlY2M3ZjMxNjFmMDNhOTp7Il9hdXRoX3VzZXJfaWQiOiIxIiwiX2F1dGhfdXNlcl9iYWNrZW5kIjoiZGphbmdvLmNvbnRyaWIuYXV0aC5iYWNrZW5kcy5Nb2RlbEJhY2tlbmQiLCJfYXV0aF91c2VyX2hhc2giOiI5MTI1NGNlZWE5MzE3ODNlNzFiMzRkZjczMTU1NWI4NDI3YThmMzRlIn0=','2018-06-20 02:25:38.600427');
DELETE FROM sqlite_sequence;
INSERT INTO sqlite_sequence VALUES('django_migrations',14);
INSERT INTO sqlite_sequence VALUES('django_admin_log',7);
INSERT INTO sqlite_sequence VALUES('django_content_type',7);
INSERT INTO sqlite_sequence VALUES('auth_permission',21);
INSERT INTO sqlite_sequence VALUES('auth_user',2);
INSERT INTO sqlite_sequence VALUES('blog_blogarticles',5);
CREATE UNIQUE INDEX "auth_group_permissions_group_id_0cd325b0_uniq" ON "auth_group_permissions" ("group_id", "permission_id");
CREATE INDEX "auth_group_permissions_0e939a4f" ON "auth_group_permissions" ("group_id");
CREATE INDEX "auth_group_permissions_8373b171" ON "auth_group_permissions" ("permission_id");
CREATE UNIQUE INDEX "auth_user_groups_user_id_94350c0c_uniq" ON "auth_user_groups" ("user_id", "group_id");
CREATE INDEX "auth_user_groups_e8701ad4" ON "auth_user_groups" ("user_id");
CREATE INDEX "auth_user_groups_0e939a4f" ON "auth_user_groups" ("group_id");
CREATE UNIQUE INDEX "auth_user_user_permissions_user_id_14a6b632_uniq" ON "auth_user_user_permissions" ("user_id", "permission_id");
CREATE INDEX "auth_user_user_permissions_e8701ad4" ON "auth_user_user_permissions" ("user_id");
CREATE INDEX "auth_user_user_permissions_8373b171" ON "auth_user_user_permissions" ("permission_id");
CREATE INDEX "django_admin_log_417f1b1c" ON "django_admin_log" ("content_type_id");
CREATE INDEX "django_admin_log_e8701ad4" ON "django_admin_log" ("user_id");
CREATE UNIQUE INDEX "django_content_type_app_label_76bd3d3b_uniq" ON "django_content_type" ("app_label", "model");
CREATE UNIQUE INDEX "auth_permission_content_type_id_01ab375a_uniq" ON "auth_permission" ("content_type_id", "codename");
CREATE INDEX "auth_permission_417f1b1c" ON "auth_permission" ("content_type_id");
CREATE INDEX "blog_blogarticles_4f331e2f" ON "blog_blogarticles" ("author_id");
CREATE INDEX "django_session_de54fa62" ON "django_session" ("expire_date");
COMMIT;
